{
  "system_info": {
    "gpu": "AMD Radeon RX 580 (8GB VRAM)",
    "cpu": "Intel Core i3-8100 @ 3.60GHz",
    "ram": "16GB DDR4",
    "os": "Windows 10 64-bit",
    "optimization_level": "AMD_RX580_Optimized"
  },

  "model": {
    "model_name": "distilgpt2",
    "batch_size": 1,
    "max_length": 32,
    "learning_rate_pretraining": 3e-5,
    "learning_rate_finetuning": 5e-6,
    "lora_enabled": false,
    "lora_dropout": 0.1
  },

  "lora": {
    "r": 8,
    "alpha": 16,
    "dropout": 0.1,
    "target_modules": ["c_attn", "c_proj", "c_fc"],
    "bias": "none"
  },

  "training": {
    "gradient_accumulation_steps": 8,
    "max_steps": 1000,
    "num_epochs": 1,
    "warmup_steps": 10,
    "weight_decay": 0.01,
    "save_steps": 100,
    "eval_steps": 100,
    "save_total_limit": 1,
    "sample_skip_rate": 1,
    "fp16": true,
    "gradient_checkpointing": true
  },

  "memory": {
    "chunk_size": 500,
    "max_memory_usage": 1200,
    "gpu_memory_fraction": 0.85,
    "pin_memory": true
  },

  "datasets": {
    "finetuning": {
      "sharegpt52k": {
        "enabled": true,
        "dataset_id": "RyokoAI/ShareGPT52K",
        "max_samples": 5000,
        "data_files": null,
        "conversation_format": null
      },
      "dialogstudio": {
        "enabled": true,
        "max_samples": 5000
      }
    },
    "pretraining": {
      "c4": {
        "enabled": true,
        "max_samples": 5000
      },
      "redpajama": {
        "enabled": true,
        "max_samples": 5000
      }
    }
  },

  "output": {
    "base_dir": "models/JARVIS",
    "checkpoint_dir": "data/checkpoints",
    "logs_dir": "logs"
  },

  "performance_estimates": {
    "training_time_per_dataset": "2-4 hours",
    "total_training_time": "8-16 hours",
    "memory_usage": "6-7GB VRAM",
    "cpu_usage": "60-80%",
    "ram_usage": "10-12GB"
  }
} 